Workbook

Sheet Read Me First
B2: LeanScan — Review Mining Workbook
B3: Days 3–4 of the 14-day validation plan. Goal: find 100+ real complaints from GLP-1 users about existing trackers.
B5: How to use this workbook
B6: 1. Open the 'Reviews' sheet. The first 25 rows are seeded with paraphrased COMPLAINT PATTERNS — not real quotes.
B7: 2. Your job: for each pattern, find at least 2–3 REAL quotes from App Store, Google Play, Reddit, or Trustpilot.
B8: 3. Paste the verbatim quote into the 'Exact Quote' column. Leave the seeded pattern row in place as the category header.
B9: 4. Fill in: App, Source, Review Date, Rating, GLP-1 Drug, Severity, Use-In-Marketing.
B10: 5. Aim for 100+ total filled rows by end of day 4.
B12: Where to mine
B13: App Store reviews — search 'MyFitnessPal', 'Cal AI', 'Lose It', filter to 1–3 star, sort recent. Use cmd-F for 'ozempic', 'wegovy', 'mounjaro', 'zepbound', 'glp', 'protein'.
B14: Google Play reviews — same apps, same filter. Often has different demographics than App Store.
B15: Reddit — r/Ozempic, r/WegovyWeightLoss, r/Mounjaro, r/Zepbound, r/Semaglutide. Search 'myfitnesspal', 'tracker', 'app'.
... B33: Use the 'Patterns Summary' sheet to roll up counts by complaint pattern.

Sheet Reviews
A1: # | B1: Date Logged | C1: App | D1: Source | E1: Review Date | F1: Rating (1-5) | G1: GLP-1 Drug | H1: Complaint Pattern | I1: Exact Quote (verbatim) | J1: Maps To LeanScan Feature | K1: Severity (1-5) | L1: Use In Marketing | M1: Notes
A2: 1 | H2: Calorie target way too low on GLP-1 | I2: [PATTERN — paste real quote here] | J2: Protein-first dashboard replaces calorie focus | K2: 5 | M2: Most cited complaint. App keeps insisting user eat 1400+ kcal when they physically can't.
A3: 2 | H3: Protein number buried, hard to see at a glance | I3: [PATTERN — paste real quote here] | J3: Protein ring as primary home-screen widget | K3: 5 | M3: Sarah persona's top frustration.
A4: 3 | H4: Photo recognition wildly off for home-cooked meals | I4: [PATTERN — paste real quote here] | J4: GPT-4o vision + protein-first estimation logic | K4: 4 | M4: Cal AI specifically — often guesses wrong cuisine.
A5: 4 | H5: No way to log nausea / GI side effects alongside food | I5: [PATTERN — paste real quote here] | J5: Side-effect quick-log (nausea, GI, fatigue, sulfur burps) | K5: 5 | M5: Unique LeanScan wedge.
A6: 5 | H6: Search is slow / database too big / wrong portion sizes | I6: [PATTERN — paste real quote here] | J6: AI photo logging skips search entirely | K6: 4 | M6: Universal MyFitnessPal complaint.
A7: 6 | H7: App pushes diet-culture messaging that feels triggering | I7: [PATTERN — paste real quote here] | J7: Editorial, anti-shame voice on every screen | K7: 4 | M7: Important for brand fit.
A8: 7 | H8: Premium paywall got worse / price hiked / barcode locked | I8: [PATTERN — paste real quote here] | J8: $49/yr founder pricing, AI scan included from day 1 | K8: 5 | M8: Trustpilot is full of these post-March 2026 acquisition.
A9: 8 | H9: No support for muscle/lean-mass goals — only weight loss | I9: [PATTERN — paste real quote here] | J9: Lean-mass-first framing in onboarding and reports | K9: 5 | M9: Direct positioning win.
A10: 9 | H10: Resistance training tracking is non-existent or terrible | I10: [PATTERN — paste real quote here] | J10: Simple sets × reps × weight log integrated with protein | K10: 4 | M10: Mark persona pain.
A11: 10 | H11: Logging takes too long when appetite is gone | I11: [PATTERN — paste real quote here] | J11: Three-tap snap-and-go workflow | K11: 5 | M11: Day-of-week-3 GLP-1 user reality.
A12: 11 | H12: Weekly summary emails are spammy / not insightful | I12: [PATTERN — paste real quote here] | J12: Editorial weekly metabolic report (PDF) | K12: 3
A13: 12 | H13: No way to log medication dose or injection day | I13: [PATTERN — paste real quote here] | J13: Onboarding asks for drug + dose + start date | K13: 3 | M13: Mid-priority. Often request, occasionally complaint.
A14: 13 | H14: Doesn't account for protein quality / complete proteins | I14: [PATTERN — paste real quote here] | J14: Protein-source labeling in v1.5+ | K14: 2 | M14: Niche request. Park for later.
A15: 14 | H15: Sulfur burps / weird side effects not in any tracker | I15: [PATTERN — paste real quote here] | J15: Side-effect quick-log includes sulfur burps explicitly | K15: 4 | M15: Surprisingly common in r/Ozempic.
A16: 15 | H16: Hydration tracking is hidden / disconnected from food log | I16: [PATTERN — paste real quote here] | J16: Optional hydration ring next to protein | K16: 3 | M16: Defer to v2 unless heavy demand.
A17: 16 | H17: App suggests recipes that don't fit GLP-1 stomach | I17: [PATTERN — paste real quote here] | J17: No recipes in v1; meal templates by protein density in v2 | K17: 3
A18: 17 | H18: Maintenance phase (coming off drug) has no support | I18: [PATTERN — paste real quote here] | J18: Maintenance-phase mode in v2 (advertised on landing) | K18: 5 | M18: Massive underserved segment.
A19: 18 | H19: Calorie deficit recommendations make me lose muscle faster | I19: [PATTERN — paste real quote here] | J19: Protein floor calculated from bodyweight, not deficit | K19: 5 | M19: Use this exact framing in TikTok.
A20: 19 | H20: Insurance / pharmacy can't see my food data — wish my doctor could | I20: [PATTERN — paste real quote here] | J20: Optional weekly PDF user can email to their provider | K20: 4 | M20: Don't promise integrations. Just PDF export.
A21: 20 | H21: Cluttered UI / too many tabs / overwhelming | I21: [PATTERN — paste real quote here] | J21: Single dashboard, no tabs, no navigation drawer | K21: 4 | M21: Universal complaint about MyFitnessPal.
A22: 21 | H22: Login / account issues after recent updates | I22: [PATTERN — paste real quote here] | J22: Magic-link login, no password | K22: 3 | M22: Lots of these post-acquisition.
A23: 22 | H23: Sync issues between phone and watch | I23: [PATTERN — paste real quote here] | J23: iOS only at launch, no watch sync until v2 | K23: 3 | M23: Set expectations clearly.
A24: 23 | H24: Wants encouragement, not shame, when missing target | I24: [PATTERN — paste real quote here] | J24: Tone: 'three meals left to hit your floor', never 'you went over' | K24: 4 | M24: Brand voice.
A25: 24 | H25: Generic protein recommendation (50g) too low for GLP-1 | I25: [PATTERN — paste real quote here] | J25: Default to 1.2g/kg bodyweight (~100–130g typical) | K25: 5 | M25: Educational opportunity.
A26: 25 | H26: Wishes app would just understand the user is on Ozempic | I26: [PATTERN — paste real quote here] | J26: Onboarding asks drug, then tailors every default | K26: 5 | M26: This is the entire pitch. Front and center.
A27: 26
A28: 27
A29: 28
A30: 29
A31: 30
A32: 31
A33: 32
A34: 33
A35: 34
A36: 35
A37: 36
A38: 37
... A101: 100

Sheet Patterns Summary
B1: Roll-Up: Complaints by Pattern
B2: Auto-counts how many reviews you've logged per pattern. Updates as you fill the Reviews sheet.
A4: # | B4: Complaint Pattern | C4: Count Logged | D4: Avg Severity | E4: Maps To Feature
A5: 1 | B5: Calorie target way too low on GLP-1 | C5: =COUNTIF(Reviews!H:H, B5) -> 1 | D5: =IFERROR(AVERAGEIF(Reviews!H:H, B5, Reviews!K:K), "") -> 5 | E5: Protein-first dashboard replaces calorie focus
A6: 2 | B6: Protein number buried, hard to see at a glance | C6: =COUNTIF(Reviews!H:H, B6) -> 1 | D6: =IFERROR(AVERAGEIF(Reviews!H:H, B6, Reviews!K:K), "") -> 5 | E6: Protein ring as primary home-screen widget
A7: 3 | B7: Photo recognition wildly off for home-cooked meals | C7: =COUNTIF(Reviews!H:H, B7) -> 1 | D7: =IFERROR(AVERAGEIF(Reviews!H:H, B7, Reviews!K:K), "") -> 4 | E7: GPT-4o vision + protein-first estimation logic
A8: 4 | B8: No way to log nausea / GI side effects alongside food | C8: =COUNTIF(Reviews!H:H, B8) -> 1 | D8: =IFERROR(AVERAGEIF(Reviews!H:H, B8, Reviews!K:K), "") -> 5 | E8: Side-effect quick-log (nausea, GI, fatigue, sulfur burps)
A9: 5 | B9: Search is slow / database too big / wrong portion sizes | C9: =COUNTIF(Reviews!H:H, B9) -> 1 | D9: =IFERROR(AVERAGEIF(Reviews!H:H, B9, Reviews!K:K), "") -> 4 | E9: AI photo logging skips search entirely
A10: 6 | B10: App pushes diet-culture messaging that feels triggering | C10: =COUNTIF(Reviews!H:H, B10) -> 1 | D10: =IFERROR(AVERAGEIF(Reviews!H:H, B10, Reviews!K:K), "") -> 4 | E10: Editorial, anti-shame voice on every screen
A11: 7 | B11: Premium paywall got worse / price hiked / barcode locked | C11: =COUNTIF(Reviews!H:H, B11) -> 1 | D11: =IFERROR(AVERAGEIF(Reviews!H:H, B11, Reviews!K:K), "") -> 5 | E11: $49/yr founder pricing, AI scan included from day 1
A12: 8 | B12: No support for muscle/lean-mass goals — only weight loss | C12: =COUNTIF(Reviews!H:H, B12) -> 1 | D12: =IFERROR(AVERAGEIF(Reviews!H:H, B12, Reviews!K:K), "") -> 5 | E12: Lean-mass-first framing in onboarding and reports
A13: 9 | B13: Resistance training tracking is non-existent or terrible | C13: =COUNTIF(Reviews!H:H, B13) -> 1 | D13: =IFERROR(AVERAGEIF(Reviews!H:H, B13, Reviews!K:K), "") -> 4 | E13: Simple sets × reps × weight log integrated with protein
A14: 10 | B14: Logging takes too long when appetite is gone | C14: =COUNTIF(Reviews!H:H, B14) -> 1 | D14: =IFERROR(AVERAGEIF(Reviews!H:H, B14, Reviews!K:K), "") -> 5 | E14: Three-tap snap-and-go workflow
A15: 11 | B15: Weekly summary emails are spammy / not insightful | C15: =COUNTIF(Reviews!H:H, B15) -> 1 | D15: =IFERROR(AVERAGEIF(Reviews!H:H, B15, Reviews!K:K), "") -> 3 | E15: Editorial weekly metabolic report (PDF)
A16: 12 | B16: No way to log medication dose or injection day | C16: =COUNTIF(Reviews!H:H, B16) -> 1 | D16: =IFERROR(AVERAGEIF(Reviews!H:H, B16, Reviews!K:K), "") -> 3 | E16: Onboarding asks for drug + dose + start date
... A29: 25 | B29: Wishes app would just understand the user is on Ozempic | C29: =COUNTIF(Reviews!H:H, B29) -> 1 | D29: =IFERROR(AVERAGEIF(Reviews!H:H, B29, Reviews!K:K), "") -> 5 | E29: Onboarding asks drug, then tailors every default
B31: TOTAL REVIEWS LOGGED | C31: =COUNTA(Reviews!I2:I101) - COUNTIF(Reviews!I2:I101, "[PATTERN*") -> 0
B34: Validation thresholds (from context doc § 8)
B35: Day-4 target: 100+ reviews logged across all patterns.
B36: Top-3 patterns by count → use as primary copy hooks on landing page and TikTok.
B37: Any pattern with <3 reviews after thorough search → de-prioritize for v1.
